No,year,month,day,hour,PM2.5,PM10,SO2,NO2,CO,O3,TEMP,PRES,DEWP,RAIN,wd,WSPM,station
25033,2016,1,8,0,19,22,13,35,700,43,-3.5,1024.1,-17.1,0,N,2,Aotizhongxin
25034,2016,1,8,1,16,22,12,33,700,43,-3.1,1023.7,-16.8,0,NNW,1.9,Aotizhongxin
25035,2016,1,8,2,14,29,11,29,600,46,-3.3,1024,-16.6,0,N,3.6,Aotizhongxin
25036,2016,1,8,3,12,22,9,22,500,51,-3.5,1023.8,-16.8,0,N,2.2,Aotizhongxin
25037,2016,1,8,4,10,22,7,20,400,NA,-3.3,1023.5,-17,0,NNW,2.6,Aotizhongxin
25038,2016,1,8,5,8,39,8,21,400,49,-3.8,1023.6,-17.8,0,N,3,Aotizhongxin
25039,2016,1,8,6,8,17,8,24,500,46,-4.5,1023.9,-17.7,0,NNE,3.1,Aotizhongxin
25040,2016,1,8,7,12,28,9,27,500,44,-7,1024.6,-17.8,0,ENE,1.9,Aotizhongxin
25041,2016,1,8,8,10,29,12,35,600,37,-7.7,1025.3,-17.6,0,ENE,1.1,Aotizhongxin
25042,2016,1,8,9,15,37,15,43,800,32,-6,1026,-17.7,0,NE,2.2,Aotizhongxin
25043,2016,1,8,10,23,49,12,51,1000,28,-4,1026.1,-17.6,0,NE,2.5,Aotizhongxin
25044,2016,1,8,11,18,31,11,33,800,45,-2,1025.5,-17.3,0,NNE,3,Aotizhongxin
25045,2016,1,8,12,11,15,7,17,500,60,-0.9,1024.8,-17.6,0,NE,2.7,Aotizhongxin
25046,2016,1,8,13,7,9,5,14,500,66,-0.2,1023.7,-17.4,0,ENE,2.8,Aotizhongxin
25047,2016,1,8,14,8,10,6,16,500,65,1.2,1022.8,-17.7,0,NNE,2.4,Aotizhongxin
25048,2016,1,8,15,10,11,8,16,500,67,1,1022.6,-17.9,0,ENE,1.8,Aotizhongxin
25049,2016,1,8,16,14,14,8,18,400,66,1,1022.6,-18.4,0,ESE,1.4,Aotizhongxin
25050,2016,1,8,17,13,19,10,27,500,59,-0.7,1022.5,-17,0,E,1.4,Aotizhongxin
25051,2016,1,8,18,15,39,11,59,1000,29,-3.1,1022.8,-15.8,0,E,0.7,Aotizhongxin
25052,2016,1,8,19,48,89,24,99,1500,8,-4.1,1022.9,-14,0,WSW,0.9,Aotizhongxin
25053,2016,1,8,20,93,126,32,113,2000,7,-3.1,1022.8,-14.8,0,WSW,1.6,Aotizhongxin
25054,2016,1,8,21,110,137,34,113,2300,7,-2,1022.6,-14.8,0,WSW,2,Aotizhongxin
25055,2016,1,8,22,123,151,37,112,2400,7,-4.2,1022.4,-12.4,0,W,1.2,Aotizhongxin
25056,2016,1,8,23,126,144,39,110,2600,7,-4.7,1022.4,-12.8,0,W,1.1,Aotizhongxin
25057,2016,1,9,0,117,133,38,104,2200,7,-5.6,1022.3,-13,0,E,0.4,Aotizhongxin
25058,2016,1,9,1,120,135,34,103,2300,6,-6.2,1022,-12.1,0,SW,0.4,Aotizhongxin
25059,2016,1,9,2,121,158,28,101,3100,6,-5.6,1022.3,-12.8,0,NE,1.6,Aotizhongxin
25060,2016,1,9,3,80,81,32,88,2500,8,-6.5,1022.2,-13.2,0,E,0.7,Aotizhongxin
25061,2016,1,9,4,55,55,25,75,1700,9,-8.1,1021.8,-13.3,0,ENE,0.9,Aotizhongxin
25062,2016,1,9,5,39,39,21,76,1700,6,-9,1021.5,-14.8,0,E,0.6,Aotizhongxin
25063,2016,1,9,6,32,32,16,70,1500,8,-8.9,1021.3,-15.1,0,NE,0.8,Aotizhongxin
25064,2016,1,9,7,15,15,10,53,900,21,-7.8,1021.4,-16.2,0,ENE,0.9,Aotizhongxin
25065,2016,1,9,8,15,15,8,51,800,24,-9.3,1021.6,-16.3,0,E,0.6,Aotizhongxin
25066,2016,1,9,9,16,22,9,52,1000,24,-6.1,1022.2,-16.1,0,ENE,1.3,Aotizhongxin
25067,2016,1,9,10,28,42,17,62,1400,19,-4,1022.3,-15.3,0,ENE,2,Aotizhongxin
25068,2016,1,9,11,42,48,18,60,1500,26,-1.5,1021.8,-15,0,SE,0.7,Aotizhongxin
25069,2016,1,9,12,43,56,20,59,1500,30,1.1,1020.7,-14.2,0,NNE,0.7,Aotizhongxin
25070,2016,1,9,13,46,50,29,55,1400,37,2.3,1019.6,-14.4,0,NNE,0.8,Aotizhongxin
25071,2016,1,9,14,52,59,32,64,1400,34,3.6,1019,-15.1,0,WSW,0.7,Aotizhongxin
25072,2016,1,9,15,54,59,27,79,1500,24,4.6,1019,-14.8,0,SW,1.2,Aotizhongxin
25073,2016,1,9,16,41,45,17,77,1100,29,4,1019.1,-15.9,0,SSW,1.5,Aotizhongxin
25074,2016,1,9,17,48,81,26,99,1400,17,2.6,1019.5,-15.5,0,SW,1.1,Aotizhongxin
25075,2016,1,9,18,58,106,24,109,1700,7,0.7,1019.8,-13,0,SW,1.3,Aotizhongxin
25076,2016,1,9,19,88,136,30,123,2300,6,0,1020.2,-13.7,0,WSW,1.8,Aotizhongxin
25077,2016,1,9,20,115,149,36,125,2400,7,0.6,1020.8,-13.9,0,W,1.8,Aotizhongxin
25078,2016,1,9,21,129,158,41,127,2700,7,-3.6,1021.1,-12.3,0,WSW,0.7,Aotizhongxin
25079,2016,1,9,22,148,171,41,130,3100,8,-4.6,1021.4,-11.6,0,E,0.9,Aotizhongxin
25080,2016,1,9,23,130,163,38,115,3200,8,-4.6,1021.8,-11.8,0,E,0.5,Aotizhongxin
25081,2016,1,10,0,74,74,32,89,1800,8,-4.1,1021.9,-13.2,0,NE,1.1,Aotizhongxin
25082,2016,1,10,1,85,100,46,93,2900,9,-5.4,1022.2,-12,0,E,0.7,Aotizhongxin
25083,2016,1,10,2,82,86,29,86,2600,9,-5.8,1022.8,-12.3,0,NNE,1,Aotizhongxin
25084,2016,1,10,3,46,46,17,70,1400,9,-3.6,1023.1,-14.4,0,NNE,1.5,Aotizhongxin
25085,2016,1,10,4,29,29,10,55,1100,NA,-4.4,1023,-14.6,0,NE,0.6,Aotizhongxin
25086,2016,1,10,5,25,25,6,39,900,32,-5.2,1023.4,-15.9,0,ENE,1.2,Aotizhongxin
25087,2016,1,10,6,20,22,7,49,900,29,-7.1,1024,-15.1,0,NE,1,Aotizhongxin
25088,2016,1,10,7,22,30,9,62,900,19,-8,1025.1,-14.8,0,ENE,1.2,Aotizhongxin
25089,2016,1,10,8,22,34,10,63,900,19,-7.4,1025.9,-15.1,0,NNE,1.3,Aotizhongxin
25090,2016,1,10,9,24,37,12,61,1000,22,-4.1,1026.9,-13.8,0,ENE,1.4,Aotizhongxin
25091,2016,1,10,10,26,39,11,50,1000,34,-1.9,1027.6,-16.1,0,E,2,Aotizhongxin
25092,2016,1,10,11,25,32,8,44,800,44,-0.9,1027.5,-16.3,0,ESE,1.7,Aotizhongxin
25093,2016,1,10,12,28,29,10,41,900,51,0,1026.7,-16.8,0,ESE,1.8,Aotizhongxin
25094,2016,1,10,13,30,32,13,43,1000,50,0,1026,-16.4,0,ESE,1.7,Aotizhongxin
25095,2016,1,10,14,34,40,17,54,1200,43,0.4,1025.6,-16.5,0,ESE,2.1,Aotizhongxin
25096,2016,1,10,15,58,86,32,80,2300,26,0.2,1025.8,-15.8,0,S,1.5,Aotizhongxin
25097,2016,1,10,16,57,89,30,82,2100,25,-0.4,1026.4,-15.9,0,SE,1.5,Aotizhongxin
25098,2016,1,10,17,69,113,33,90,2300,18,-0.9,1027.5,-15.9,0,ESE,1.6,Aotizhongxin
25099,2016,1,10,18,66,108,28,97,2300,9,-0.8,1028.3,-15.5,0,SE,1,Aotizhongxin
25100,2016,1,10,19,61,89,29,96,2300,7,-3.3,1029,-14.7,0,E,1.3,Aotizhongxin
25101,2016,1,10,20,64,99,32,96,2700,8,-4.7,1030,-15.1,0,NW,0.1,Aotizhongxin
25102,2016,1,10,21,65,105,25,90,2600,13,-3,1030.8,-15,0,NNE,2.2,Aotizhongxin
25103,2016,1,10,22,20,36,2,39,900,46,-3.5,1031.4,-20.3,0,NNE,2.4,Aotizhongxin
25104,2016,1,10,23,16,25,2,37,800,45,-4.7,1031.7,-20.5,0,NE,1.9,Aotizhongxin
25105,2016,1,11,0,17,26,2,45,800,38,-7.1,1032.1,-22.2,0,NE,1.8,Aotizhongxin
25106,2016,1,11,1,13,31,2,26,700,52,-5.2,1032.4,-19.4,0,NNE,2.1,Aotizhongxin
25107,2016,1,11,2,12,28,2,23,600,52,-5.8,1032.9,-18.8,0,NE,1.9,Aotizhongxin
25108,2016,1,11,3,10,32,2,25,700,51,-5.6,1032.8,-18.7,0,N,2.2,Aotizhongxin
25109,2016,1,11,4,10,26,2,24,600,50,-6,1032.3,-19.4,0,NNW,4.2,Aotizhongxin
25110,2016,1,11,5,8,31,2,20,600,55,-7.8,1032.6,-20.3,0,NNW,3.4,Aotizhongxin
25111,2016,1,11,6,6,23,2,21,600,55,-8.5,1032.8,-21.6,0,N,4,Aotizhongxin
25112,2016,1,11,7,7,18,2,27,600,49,-8.4,1033.3,-20.5,0,NE,2,Aotizhongxin
25113,2016,1,11,8,11,18,2,30,700,46,-9.4,1033.2,-21.4,0,N,2.2,Aotizhongxin
25114,2016,1,11,9,13,31,2,30,800,46,-8.5,1034.1,-20.9,0,NE,2.5,Aotizhongxin
25115,2016,1,11,10,13,24,2,20,700,57,-7.7,1034,-21.9,0,N,3.6,Aotizhongxin
25116,2016,1,11,11,12,23,2,15,700,62,-6.5,1033.6,-21.6,0,NNE,3,Aotizhongxin
25117,2016,1,11,12,12,19,2,14,700,65,-5.2,1032.7,-21.8,0,NNE,4.2,Aotizhongxin
25118,2016,1,11,13,6,13,2,11,600,69,-4.7,1031.4,-21.8,0,NNW,3.4,Aotizhongxin
25119,2016,1,11,14,12,14,2,13,600,69,-3.8,1030.5,-22,0,NNW,2.2,Aotizhongxin
25120,2016,1,11,15,NA,NA,NA,NA,NA,NA,-4.3,1030.3,-22.9,0,NW,3.1,Aotizhongxin
25121,2016,1,11,16,9,23,2,17,600,66,-5.1,1030,-23.6,0,NW,2.6,Aotizhongxin
25122,2016,1,11,17,11,32,2,23,600,61,-3.6,1030.1,-22.8,0,NW,2.1,Aotizhongxin
25123,2016,1,11,18,11,30,2,31,800,54,-3.4,1030.4,-22.7,0,NW,2.9,Aotizhongxin
25124,2016,1,11,19,15,34,4,45,900,43,-3.9,1031,-22.6,0,NW,3.5,Aotizhongxin
25125,2016,1,11,20,15,30,2,34,800,51,-4.7,1031.2,-23.2,0,NW,3.4,Aotizhongxin
25126,2016,1,11,21,12,41,2,37,800,45,-5.2,1032,-23.2,0,NW,2.8,Aotizhongxin
25127,2016,1,11,22,17,40,4,42,800,39,-5.7,1032.3,-23.6,0,NNW,3.5,Aotizhongxin
25128,2016,1,11,23,16,31,4,37,700,42,-6.4,1032.4,-23.7,0,NNW,2.8,Aotizhongxin
25129,2016,1,12,0,14,28,2,29,700,49,-7.3,1032.3,-23.2,0,N,2.1,Aotizhongxin
25130,2016,1,12,1,14,25,2,28,700,48,-6.9,1032.3,-22,0,NNW,3.3,Aotizhongxin
25131,2016,1,12,2,14,30,12,29,700,46,-7.3,1032.3,-22,0,N,3,Aotizhongxin
25132,2016,1,12,3,14,22,11,26,500,49,-7.7,1032,-21.9,0,N,2.4,Aotizhongxin
25133,2016,1,12,4,12,22,9,24,500,NA,-7.6,1031.5,-22.6,0,N,3.1,Aotizhongxin
25134,2016,1,12,5,11,16,9,25,500,47,-9.7,1031.5,-23,0,ENE,1.8,Aotizhongxin
25135,2016,1,12,6,10,15,10,24,600,49,-11,1031.1,-22.9,0,E,1.8,Aotizhongxin
25136,2016,1,12,7,12,18,11,31,600,44,-11.3,1031,-22.8,0,ESE,1.2,Aotizhongxin
25137,2016,1,12,8,12,18,11,38,600,39,-11.1,1030.9,-23,0,ENE,2.3,Aotizhongxin
25138,2016,1,12,9,13,27,10,31,600,44,-8.7,1031.1,-22.8,0,NE,2,Aotizhongxin
25139,2016,1,12,10,14,25,9,22,600,52,-7.2,1030.7,-22.7,0,NE,2.6,Aotizhongxin
25140,2016,1,12,11,15,31,8,20,600,56,-4.8,1029.9,-23.3,0,NE,3.6,Aotizhongxin
25141,2016,1,12,12,8,27,6,14,500,63,-3.7,1028.6,-23.5,0,N,3.9,Aotizhongxin
25142,2016,1,12,13,11,22,5,14,600,64,-1.9,1026.9,-23.1,0,NW,2.9,Aotizhongxin
25143,2016,1,12,14,14,24,5,16,600,63,-1.6,1025.8,-23.5,0,NW,4,Aotizhongxin
25144,2016,1,12,15,9,26,5,16,600,64,-1.5,1025.4,-24.1,0,NW,4.7,Aotizhongxin
25145,2016,1,12,16,9,30,5,17,400,64,-1.6,1024.8,-24.2,0,NW,3.5,Aotizhongxin
25146,2016,1,12,17,9,30,6,22,500,60,-2.5,1024.9,-24.3,0,NW,4.1,Aotizhongxin
25147,2016,1,12,18,10,27,7,31,700,53,-2.8,1024.9,-23.9,0,NW,3.2,Aotizhongxin
25148,2016,1,12,19,18,35,13,53,1200,35,-3.3,1024.9,-23.1,0,WNW,2.5,Aotizhongxin
25149,2016,1,12,20,15,36,11,55,1000,30,-3.8,1024.7,-22,0,NW,1.9,Aotizhongxin
25150,2016,1,12,21,18,38,13,59,1000,25,-4.2,1024.7,-21.8,0,NE,1.6,Aotizhongxin
25151,2016,1,12,22,17,35,16,54,900,29,-4.8,1024.4,-21.9,0,NNE,2.2,Aotizhongxin
25152,2016,1,12,23,15,29,15,44,700,36,-4.7,1024.2,-22.2,0,N,2.1,Aotizhongxin
25153,2016,1,13,0,17,33,14,42,700,37,-6.5,1023.9,-21.6,0,ENE,1.2,Aotizhongxin
25154,2016,1,13,1,13,24,12,39,700,40,-4.4,1023.4,-23,0,NNW,2.7,Aotizhongxin
25155,2016,1,13,2,12,22,8,34,600,44,-5,1023,-22.5,0,NNE,2.2,Aotizhongxin
25156,2016,1,13,3,8,15,8,29,500,48,-4.3,1022.5,-24,0,NNW,2,Aotizhongxin
25157,2016,1,13,4,11,14,8,33,500,45,-4.3,1022,-24,0,WNW,1.1,Aotizhongxin
25158,2016,1,13,5,9,13,9,32,600,45,-5.4,1021.6,-24.3,0,ENE,1.5,Aotizhongxin
25159,2016,1,13,6,8,14,9,28,600,51,-5.9,1021.3,-24.3,0,NE,1.5,Aotizhongxin
25160,2016,1,13,7,12,23,13,47,600,37,-5.8,1021.1,-24.2,0,NE,1.5,Aotizhongxin
25161,2016,1,13,8,14,32,16,73,900,15,-6.3,1021.4,-23.6,0,NE,1.4,Aotizhongxin
25162,2016,1,13,9,16,60,17,79,1100,12,-4.7,1022.1,-24.9,0,N,1,Aotizhongxin
25163,2016,1,13,10,19,47,16,67,1100,23,-3.9,1022.1,-24.8,0,NE,1.4,Aotizhongxin
25164,2016,1,13,11,20,49,17,39,900,47,-2.6,1021.3,-23.7,0,E,1.8,Aotizhongxin
25165,2016,1,13,12,17,32,13,27,800,58,-1.8,1020.3,-23.1,0,ESE,1.1,Aotizhongxin
25166,2016,1,13,13,12,25,11,21,600,67,0.9,1018.9,-26.4,0,NW,4.7,Aotizhongxin
25167,2016,1,13,14,11,58,11,17,500,70,1.1,1017.8,-26.2,0,NW,6.7,Aotizhongxin
25168,2016,1,13,15,14,68,13,21,500,68,1.8,1017.7,-25.6,0,NW,3.5,Aotizhongxin
25169,2016,1,13,16,13,58,13,23,500,66,2.1,1017.5,-25.4,0,NW,2.4,Aotizhongxin
25170,2016,1,13,17,17,50,17,41,700,50,1.3,1017.6,-24.2,0,WNW,3.8,Aotizhongxin
25171,2016,1,13,18,38,74,20,104,1300,8,0.9,1018,-22.9,0,W,2.6,Aotizhongxin
25172,2016,1,13,19,42,83,20,107,1600,5,0.7,1018.1,-22.3,0,WNW,2.5,Aotizhongxin
25173,2016,1,13,20,45,79,24,101,1600,8,-2.1,1018.6,-21.6,0,NE,1.4,Aotizhongxin
25174,2016,1,13,21,39,71,23,93,1300,8,-3,1018.8,-21.3,0,NE,1.1,Aotizhongxin
25175,2016,1,13,22,34,62,19,95,1300,6,-4.7,1019,-18.6,0,SSW,0.9,Aotizhongxin
25176,2016,1,13,23,29,52,17,91,1200,5,-5.7,1018.9,-18.8,0,E,0.3,Aotizhongxin
25177,2016,1,14,0,33,54,16,91,1400,5,-6.9,1018.6,-18.9,0,S,0.6,Aotizhongxin
25178,2016,1,14,1,36,62,15,91,1600,5,-6.3,1018.5,-17.1,0,SSW,0.7,Aotizhongxin
25179,2016,1,14,2,30,52,16,91,1600,5,-5.4,1018.6,-17.5,0,NNW,0.7,Aotizhongxin
25180,2016,1,14,3,20,34,11,44,700,38,-5,1018.3,-17.5,0,WNW,0.9,Aotizhongxin
25181,2016,1,14,4,22,40,13,67,1100,NA,-5.6,1017.8,-17.4,0,E,0.7,Aotizhongxin
25182,2016,1,14,5,14,32,10,33,700,51,-5.2,1017.5,-18.6,0,NW,1.9,Aotizhongxin
25183,2016,1,14,6,14,35,11,39,800,47,-6.4,1017.5,-17.8,0,E,0.9,Aotizhongxin
25184,2016,1,14,7,13,33,12,45,700,43,-7.6,1017.7,-18,0,ENE,0.9,Aotizhongxin
25185,2016,1,14,8,24,69,17,81,1600,16,-7.9,1017.9,-17.3,0,ENE,1.3,Aotizhongxin
25186,2016,1,14,9,66,122,32,103,3200,9,-5,1018,-15.1,0,E,0.7,Aotizhongxin
25187,2016,1,14,10,69,120,35,102,3200,11,-1.6,1018,-15.8,0,E,1.1,Aotizhongxin
25188,2016,1,14,11,82,101,29,95,2000,25,1,1017.5,-16,0,ENE,0.8,Aotizhongxin
25189,2016,1,14,12,91,103,28,89,2000,37,3,1016.1,-21.2,0,WNW,2.5,Aotizhongxin
25190,2016,1,14,13,96,112,27,73,1700,50,3.1,1015.1,-21.9,0,WSW,2.6,Aotizhongxin
25191,2016,1,14,14,99,108,30,68,1600,54,3.4,1014.4,-21.7,0,NW,1.2,Aotizhongxin
25192,2016,1,14,15,75,85,25,58,1200,58,4.7,1014.3,-21.5,0,S,0.8,Aotizhongxin
25193,2016,1,14,16,46,60,19,51,1000,58,4.5,1014.4,-20,0,N,1,Aotizhongxin
25194,2016,1,14,17,42,60,19,62,1000,45,2.7,1014.5,-20,0,WSW,1.1,Aotizhongxin
25195,2016,1,14,18,82,143,31,122,2100,10,-0.7,1014.9,-18.3,0,S,0.5,Aotizhongxin
25196,2016,1,14,19,97,145,32,130,2200,8,-0.6,1015.1,-18.7,0,W,1.7,Aotizhongxin
25197,2016,1,14,20,90,126,34,122,2100,8,-1.2,1015.1,-17.9,0,W,1.9,Aotizhongxin
25198,2016,1,14,21,94,122,49,120,2200,8,-1.1,1015,-17.8,0,W,1.9,Aotizhongxin
25199,2016,1,14,22,99,137,44,121,2700,8,-0.4,1014.9,-18.6,0,W,2,Aotizhongxin
25200,2016,1,14,23,119,146,48,126,3100,8,-3.9,1015.1,-16.5,0,E,1.2,Aotizhongxin
